{"stat.chestOpened":5,"stat.walkOneCm":8975,"achievement.openInventory":6,"stat.leaveGame":3,"stat.damageTaken":20,"stat.flyOneCm":930274,"stat.deaths":2,"stat.jump":43,"stat.playOneMinute":57251,"stat.fallOneCm":617,"stat.useItem.minecraft.milk_bucket":2,"stat.crouchOneCm":21,"stat.timeSinceDeath":25572,"stat.useItem.minecraft.map":2,"stat.sprintOneCm":4478,"stat.useItem.minecraft.crafting_table":2,"achievement.exploreAllBiomes":{"value":0,"progress":["Savanna Plateau","Sunflower Plains","Mesa","Flower Forest","Plains","Beach","DesertHills","Mesa Plateau","Forest","River","Ocean","Desert","Deep Ocean","Savanna"]},"stat.craftingTableInteraction":2}