{"stat.useItem.18":577,"stat.useItem.17":50,"stat.useItem.85":6,"achievement.openInventory":26,"stat.useItem.89":9,"stat.jump":194,"achievement.exploreAllBiomes":{"value":0,"progress":["Plains"]},"stat.mobKills":2,"stat.useItem.58":2,"stat.useItem.3":57,"stat.useItem.4":5,"stat.useItem.54":5,"stat.damageDealt":80,"stat.useItem.30":4,"stat.drop":6,"stat.useItem.96":8,"stat.flyOneCm":1579693,"stat.swimOneCm":126,"stat.walkOneCm":31124,"stat.useItem.351":60,"stat.useItem.47":85,"stat.useItem.61":2,"stat.useItem.116":2,"stat.useItem.397":1,"stat.playOneMinute":115974}